Carimbo de data/hora,Escreva aqui a sua carta!
06/12/2023 22:07:52,"Ol√°, eu me chamo Ana Laura.

Bom... Gostaria de lhes enviar essa carta dizendo que... Deus est√° cuidando de tudo sobre sua vida, sua ora√ß√£o foi ouvida! N√£o desista. por mais das dificuldades e problemas que esteja passando, ele est√° te protegendo de muitas coisas, h√° algu√©m orando por vc/vcs, e Deus est√° te aben√ßoando e protegendo de tudo, sua ora√ß√£o foi ouvida e no tempo certo Ele e o Senhor ir√° fazer acontecer no tempo certo.
Continue orando, ele te ouve e te cuida.
A Paz esteja com vc/vcs, am√©m!"
07/12/2023 00:59:43,"Caro Mission√°rio,

Que a gra√ßa e a paz do Senhor estejam contigo! Lembre-se das palavras do Senhor em Josu√© 1:9 [NVI] - ""N√£o fui eu que ordenei a voc√™? Seja forte e corajoso! N√£o se apavore nem desanime, pois o Senhor, o seu Deus, estar√° com voc√™ por onde voc√™ andar‚Äù.

Os desafios que voc√™ enfrenta s√£o grandes, mas a for√ßa do Senhor √© maior. Continue firme na sua miss√£o, pois Deus est√° contigo a cada passo. Sua fidelidade n√£o passar√° despercebida aos olhos do Alt√≠ssimo."
07/12/2023 00:59:53,"Amado(a) Mission√°rio(a),

Que a alegria do Senhor seja sua for√ßa! Em Filipenses 4:13 [ARC], lemos: ""Posso todas as coisas naquele que me fortalece."" Saiba que, mesmo nos momentos mais dif√≠ceis, a for√ßa de Deus est√° dispon√≠vel para voc√™. Continue a obra que Ele confiou a voc√™ com confian√ßa e f√©."
07/12/2023 01:00:02,"Querido(a) Mission√°rio(a),

Voc√™ √© um instrumento nas m√£os de Deus, cumprindo Seu prop√≥sito. N√£o se esque√ßa de Prov√©rbios 16:3 [NVI] - ""Consagre ao Senhor tudo o que voc√™ faz,
e os seus planos ser√£o bem-sucedidos."" Seu trabalho √© uma consagra√ß√£o ao Senhor, e Ele guiar√° seus passos. N√£o desanime, pois o Senhor √© fiel."
07/12/2023 01:00:12,"Prezado Mission√°rio(a),

Em Romanos 8:28 [ARA], encontramos conforto: ""Sabemos que todas as coisas cooperam para o bem daqueles que amam a Deus, daqueles que s√£o chamados segundo o seu prop√≥sito."" Confie que, mesmo nos desafios, Deus est√° trabalhando para o seu bem e para o avan√ßo do Seu Reino. Continue perseverando na f√©."
07/12/2023 01:00:21,"Querido Irm√£o/irm√£ em Cristo,

Que a gra√ßa do Senhor transborde em sua vida! Em Mateus 28:19-20, Jesus nos deu a Grande Comiss√£o. Lembre-se dessas palavras quando sentir o peso da responsabilidade. Voc√™ n√£o est√° sozinho; o Senhor est√° convosco todos os dias, at√© a consuma√ß√£o dos s√©culos."
07/12/2023 01:00:32,"Amado(a) Mission√°rio(a),

Como est√° escrito em Isa√≠as 41:10 [NVI], ""Por isso n√£o tema, pois estou com voc√™;
n√£o tenha medo, pois sou o seu Deus.
Eu o fortalecerei e o ajudarei;
eu o segurarei com a minha m√£o direita vitoriosa."" Deixe essas palavras ecoarem em seu cora√ß√£o. Continue sua jornada com confian√ßa, pois Deus est√° segurando sua m√£o."
07/12/2023 01:00:41,"Querido(a) Irm√£o(√£) em Cristo,

Seu trabalho √© uma semente plantada no Reino de Deus. Lembre-se de G√°latas 6:9 [NVI] - ""E n√£o nos cansemos de fazer o bem, pois no tempo pr√≥prio colheremos, se n√£o desanimarmos."" Continue a semear com amor e dedica√ß√£o, pois a colheita vir√°. Deus √© fiel √† Sua promessa."
07/12/2023 01:00:50,"Amado(a) Mission√°rio(a),

Em 1 Cor√≠ntios 15:58 [NVI], somos exortados: ""Portanto, meus amados irm√£os, mantenham-se firmes e inabal√°veis. Sejam sempre dedicados √† obra do Senhor, pois voc√™s sabem que, no Senhor, o trabalho de voc√™s n√£o √© in√∫til."" Sua dedica√ß√£o e esfor√ßo n√£o s√£o em v√£o; o Senhor honrar√° seu servi√ßo."
07/12/2023 01:00:59,"Prezado(a) Irm√£o(√£) em Cristo,

Lembre-se de 2 Tim√≥teo 4:7 [NVI] - ""Combati o bom combate, terminei a corrida, guardei a f√©."" Continue a lutar o bom combate da f√©. Seu servi√ßo √© uma corrida, e a recompensa est√° reservada para aqueles que perseveram at√© o fim. Deus √© fiel em recompensar os que O buscam."
07/12/2023 01:01:22,"Amado(a) Mission√°rio(a),

Que a paz de Deus, que excede todo entendimento, guarde seu cora√ß√£o e mente (Filipenses 4:7). Mesmo nos momentos mais desafiadores, confie que a paz de Deus est√° com voc√™. Continue a ser uma luz no mundo, levando a mensagem de esperan√ßa e salva√ß√£o.

Voc√™ n√£o est√° sozinho(a). Que o amor e a presen√ßa de Deus sustentem voc√™ em todos os momentos."
07/12/2023 16:03:57,"Prezado Mission√°rio(a)

Espero que esta carta o encontre envolto na paz e gra√ßa divinas. Em primeiro lugar, quero expressar minha profunda gratid√£o por seu empenho e dedica√ß√£o ao chamado mission√°rio no campo. Suas a√ß√µes t√™m sido um testemunho inspirador do amor de Cristo em a√ß√£o, e n√£o posso deixar de expressar minha admira√ß√£o e apre√ßo sincero por sua vida e minist√©rio.

Cada passo que voc√™ d√° em terras distantes carrega consigo a luz do Evangelho, iluminando caminhos antes desconhecidos para tantos. Sua disposi√ß√£o em servir, enfrentando desafios e superando obst√°culos, √© uma fonte de inspira√ß√£o para todos n√≥s que observamos de longe.

Entendo que o campo mission√°rio √© repleto de desafios e que, muitas vezes, os frutos de seu trabalho n√£o s√£o imediatamente vis√≠veis. No entanto, quero assegurar-lhe que seu esfor√ßo n√£o passa despercebido. Cada vida tocada, cada semente plantada, est√° sendo cuidadosamente observada pelo Pai Celestial, que v√™ o cora√ß√£o generoso e corajoso que voc√™ dedica a essa obra.

Sei que, muitas vezes, a solid√£o e as saudades podem se tornar companheiras frequentes, mas quero que saiba que, aqui, em sua terra natal, estamos unidos em esp√≠rito e ora√ß√£o. Seu sacrif√≠cio n√£o √© esquecido, e sua f√© inabal√°vel √© uma luz para todos n√≥s.

Em momentos de cansa√ßo, saiba que h√° uma rede de apoio ao seu redor, composta por aqueles que valorizam profundamente o que voc√™ faz. Agrade√ßo a Deus por sua vida e por sua disposi√ß√£o em ser instrumento nas m√£os Dele.

Que o Senhor continue a renovar suas for√ßas, a guiar seus passos e a derramar Sua gra√ßa abundante sobre voc√™. Que os frutos de seu trabalho mission√°rio se multipliquem e que, mesmo nos momentos mais desafiadores, voc√™ experimente a presen√ßa consoladora e fortalecedora do Esp√≠rito Santo.

Com sincero apre√ßo e ora√ß√µes constantes,

Ricardo Floriano de Passos 
Secret√°rio - Amic"
08/12/2023 14:48:35,"O SENHOR se agrada de sua vida ,por deixar de viver para si mesmo para viver o ide do SENHOR. FORCA FOCO F√â "
08/12/2023 19:29:06,"Oiiie espero que voc√™ esteja bem, Jesus ama voc√™ e o seu amor em servi-lo‚ô°‚ô°‚ô°‚ô°‚ô° obrigada por n√£o desistir e deixar se instrumento de Deus. Todas as vezes que voc√™ orou por algu√©m, abra√ßou, dividiu uma √°gua, deu um testemunho e serviu com amor. Voc√™ √© maravilhoso e mesmo que tentem te dizer o contr√°rio n√£o aceite.
 Eu te amo tbm obrigada por existir, n√£o desistir e por chegar at√© aqui. Eu fui pra igreja atrav√©s de mission√°rios voc√™s s√£o luz no mundo ‚ù§Ô∏è‚ù§Ô∏è‚ù§Ô∏è‚ù§Ô∏è‚ù§Ô∏è‚ù§Ô∏è‚ù§Ô∏è‚ù§Ô∏è‚ù§Ô∏è‚ù§Ô∏è‚ù§Ô∏è‚ù§Ô∏è‚ù§Ô∏è"
08/12/2023 19:33:29,"Oiiiiieeeee espero que voc√™ esteja com o cora√ß√£o feliz e cheio de amor, obrigada por existir obrigada por ser o sal da terra eu e mais (um monte) de crian√ßas no sert√£o ficamos felizes quando algum mission√°rio vem e traz uma cultura nova uma brincadeira nova um vers√≠culo novo e Jesus atrav√©s do seu jeitinhoüòç‚ù§Ô∏è obrigada por existir e ser mission√°rio(a)‚ù§Ô∏è‚ù§Ô∏è"
08/12/2023 20:58:41,"Que a paz do Senhor que excede o entendimento esteja com voc√™, 
Deus n√£o te deu espirito de temor, mas de poder, de amor e de modera√ß√£o.
Falar do amor de Deus √© a responsabilidade de todo crist√£o, no entanto, na minha concep√ß√£o o trabalho mission√°rio exige que vc transborde desse amor na vida das pessoas a quem vc est√° levando a palavra. Sendo assim, que o amor de Deus transborde de dentro de vc e que a presen√ßa do Todo Poderoso te acompanhe a cada passo da caminhada. 
Nunca se esque√ßa de quem te chamou, pois √© Ele que te sustenta.
Que Deus continue te aben√ßoando sempre!!!
Que a bondade e miseric√≥rdia te sigam todos os dias. 
N√£o desista! Deus capacita a todo aquele que chama. "
09/12/2023 18:26:32,"Prezados Mission√°rios,

Gra√ßa e paz da parte de nosso Senhor Jesus Cristo!

Espero que esta carta os encontre cheios da presen√ßa do Esp√≠rito Santo e fortalecidos em vossa miss√£o. Meu nome √© Mizael Nogueira, membro da Igreja Presbiteriana Renovada da Vila Rodrigues, e √© com imensa alegria que dirijo estas palavras a voc√™s, dedicados servos de Deus que t√™m se entregado √† nobre tarefa de espalhar a Palavra divina nos campos mission√°rios.

Sabemos que a jornada mission√°ria, por vezes, pode parecer solit√°ria, enfrentando desafios e obst√°culos que testam a f√© e a determina√ß√£o. No entanto, queremos assegurar-lhes que, mesmo quando n√£o estamos fisicamente presentes ao lado de voc√™s, nossos cora√ß√µes e ora√ß√µes os acompanham constantemente.

Nossa comunidade tem se reunido fervorosamente em ora√ß√£o, suplicando ao Pai celestial para que derrame sobre voc√™s uma abund√¢ncia de ousadia e intrepidez na prega√ß√£o da Palavra. Confiamos em Sua fidelidade, sabendo que Ele √© poderoso para fortalecer aqueles que O servem com sinceridade e devo√ß√£o.

Lembrem-se sempre de que, embora a dist√¢ncia f√≠sica possa separar-nos, a comunh√£o espiritual que compartilhamos transcende qualquer barreira. Voc√™s n√£o est√£o sozinhos nesta jornada. Deus est√° convosco a cada passo, guiando-vos, sustentando-vos e fortalecendo-vos para cumprir a grande comiss√£o que Ele nos confiou.

Que as promessas do Senhor, registradas em Sua Palavra, sejam fontes de consolo e encorajamento em momentos desafiadores. ""Esfor√ßai-vos, e Ele fortalecer√° o vosso cora√ß√£o, v√≥s todos que esperais no Senhor"" (Salmo 31:24).

Estamos ansiosos para testemunhar os frutos abundantes que certamente ser√£o colhidos atrav√©s do trabalho incans√°vel de voc√™s no campo mission√°rio. Que a paz de Deus, que excede todo entendimento, guarde vossos cora√ß√µes e mentes em Cristo Jesus (Filipenses 4:7).

Com gratid√£o e amor fraternal,

Mizael Nogueira
Igreja Presbiteriana Renovada da Vila Rodrigues 
Assis- SP"
09/12/2023 20:48:45,"Querido mission√°rio/a, Gostaria de come√ßar essa carta üíå lhe desejando muitas ben√ß√£os, n√£o sei como √© est√° no campo mission√°rio, no campo de batalha, mas sei que Deus nunca o abandonou e nunca o abandonar√°. Voc√™ est√° fazendo sua parte e atendendo o seu chamado e saiba que Deus est√° muito orgulhoso de voc√™ filho/a, voc√™ est√° levando a palavra de Deus e trazendo pessoas para o livro da Vida e isso al√©m de ser lindo √© louv√°vel por parte do nosso Pai e Senhor Jesus. Por isso quero que mediante as dificuldades, persegui√ß√£o, n√£o desanime nunca. Confie em Deus e mantenha os seus olhos fixos nele, pois √© ele que √© o nosso ""guarda fiel e torre forte"". Deus te aben√ßoe e saiba que enquanto voc√™s pregam a palavra, estamos em ora√ß√£o. 
""A persegui√ß√£o n√£o parou a igreja"" . "
12/12/2023 16:14:14,"Oi, a Paz do Senhor seja convosco, eu n√£o te conhe√ßo, mas eu tenho certeza que Algu√©m maior que eu, te conhece. Sabe, quando eu era mais nova, eu recebi uma palavra prof√©tica dizendo que eu seria mission√°ria e eu fiquei super feliz naquele dia, posso dizer, com toda certeza que foi um dos dias mais felizes da minha vida e, para mim, √© uma honra estar escrevendo a carta para algu√©m que est√° no campo de batalha para honrar o Senhor e levar a Sua Palavra que √© nosso bem mais precioso. Venho aqui, para te encorajar, dizer que voc√™  nunca estar√° s√≥, enquanto estiver no prop√≥sito. Eu sei, dias dif√≠ceis vir√£o, mas o Senhor te sustentar√°, somente creia. Todas as d√∫vidas que vierem √† mente, cair√£o por terra, quando voc√™ confiar plenamente que Ele, o Senhor Jeov√° e seu filho Jesus Cristo, autor e consumador da nossa f√©, estar√° contigo. Que Ele guie seus passos, que voc√™ cumpra seu prop√≥sito aqui na Terra e N√ÉO desista dele, pois galard√£o receber√° do nosso Deus. Obrigada por fazer parte dessa fam√≠lia, voc√™ n√£o estar√° s√≥. Se cuida no campo de batalha e que ""Senhor te aben√ßoe e te guarde; O Senhor fa√ßa resplandecer o seu rosto sobre ti, e tenha miseric√≥rdia de ti; O Senhor sobre ti levante o seu rosto e te d√™ a paz"" (N√∫meros 6:24-26) <3"
12/12/2023 17:27:26,"Gra√ßa e Paz seja contigo!

Os que confiam no Senhor ser√£o como o monte de Si√£o, que n√£o se abala, mas permanece para sempre. 

Sabemos das dificuldades que cada mission√°rio/mission√°ria enfrenta no campo para cumprimento da miss√£o a qual lhes foi designada pelo Senhor. E entre elas est√° a dist√¢ncia dos familiares, principalmente em datas comemorativas e como estamos no m√™s de dezembro. Venho atrav√©s desta carta falar para ti, amado mission√°rio, tu n√£o est√°s sozinho, juntamente com a igreja, estamos intercedendo por ti, seus familiares, pelas povos ao qual voc√™ tem evangelizado e trabalhado na obra do Senhor.
Deus continue te sustentando, capacitando e saiba que no Senhor o seu trabalho n√£o √© v√£o.

Receba um abra√ßo da Terceira Igreja Presbiteriana Renovada de Belo Horizonte e continue contando com nossas ora√ß√µes e ajuda no que for poss√≠vel.

Que a Gra√ßa e Paz de nosso Senhor Jesus Cristo seja contigo hoje e sempre."
12/12/2023 17:27:51,"Querido mission√°rio(a),quero lhe desejar nesse final de ano ,momentos aben√ßoados que o Esp√≠rito Santo te d√™ alegria abundante e momentos agrad√°veis... Voc√™s s√£o muito especiais e somos gratos a Deus pela doa√ß√£o de voc√™s obrigado por tanto e obrigado por n√£o negar o chamado de Cristo por que sabemos que a recompensa √© o c√©u "
13/12/2023 11:39:47,"Ol√° mission√°rios eu me chamo Ana e venho atrav√©s dessa carta desejar um feliz natal e um feliz ano novo pra voc√™s e toda sua fam√≠lia . Seremos sempre agradecidos pela generosidade e disponibilidade do cora√ß√£o de voc√™s ao dizerem SIM para o chamado de DEUS para suas vidas. 

""Todos os dias, continuavam a reunir-se no p√°tio do templo.
Partiam o p√£o em casa e juntos participavam das refei√ß√µes,
com alegria e sinceridade de cora√ß√£o, louvando a Deus e
tendo a simpatia de todo o povo. E o Senhor lhes
acrescentava
diariamente os que iam sendo salvos"" (Atos 2.46-47)

Meditando nessa passagem que compartilho aqui com voc√™,
me saltou aos olhos a parte que diz que o Senhor
acrescentava diariamente novas pessoas para caminharem
juntamente com os ap√≥stolos. E eu creio que quando
estamos fazendo aquilo que Deus nos chamou pra voc√™, Ele
acrescenta novas pessoas para caminharem junto conosco.
√â Ele que chama. √â Ele que vocaciona. √â Ele que convoca
pessoas a fazerem parte do que Ele est√° fazendo. Eu n√£o
tenho d√∫vidas disso. E mesmo estando longe da fam√≠lia de voc√™s, ainda mais nessas datas comemorativas voc√™s ter√£o a sua fam√≠lia em Cristo presente.
Que voc√™s continuem compartilhando as boas novas do evangelho de Cristo, e que Deus continue usando voc√™s poderosamente com ousadia para pregarem a palavra.

Estou orando por voc√™s, Deus aben√ßoe."
13/12/2023 11:40:19,"Ol√° mission√°rios eu me chamo Ana e venho atrav√©s dessa carta desejar um feliz natal e um feliz ano novo pra voc√™s e toda sua fam√≠lia . Seremos sempre agradecidos pela generosidade e disponibilidade do cora√ß√£o de voc√™s ao dizerem SIM para o chamado de DEUS para suas vidas.

Espero que voc√™ esteja bem. Voc√™, que tem lutado por algo maior do que voc√™ mesmo. Voc√™, que √© novo no campo de miss√µes, ou voc√™, que nos inspira h√° algum tempo, escrevo para voc√™. Por causa daqueles que ainda n√£o perceberam que a vida n√£o √© s√≥ o que aparece nas suas fotos postadas, mas que tamb√©m tem um custo alto, isto √© para voc√™. Voc√™, que j√° vive assim h√° alguns anos e ainda n√£o ouviu o que voc√™ precisava ter ouvido, isto √© para voc√™. Obrigado por dizer sim. Obrigado por ir a lugares assustadores. Obrigado por ir aonde sua m√£e e seu pai disseram para nunca ir. Obrigado por chegar l√° trazendo luz. Obrigado por cuidar daqueles de quem ningu√©m cuidava, e por amar aqueles a quem ningu√©m amava. Obrigado. Obrigado por fazer aquilo que alguns minimizam, e que outros idolatram. Obrigado por entregar seus direitos a Deus e √†queles que n√£o tem o que comer. Obrigado. Sinto muito que os outros n√£o vejam o sacrif√≠cio e pensem que voc√™ √© uma pessoa que est√° fugindo de alguma coisa ou algu√©m que gosta de viajar o mundo. Lamento que nem todos apreciem este sacrif√≠cio pelo que de fato √©. Lamento que sua vida seja mais cheia de ‚Äúol√°s‚Äù,  e de ‚Äútchaus‚Äù do que qualquer um que eu possa pensar agora. O Deus de Amor chamou voc√™. Ele o encarregou de um prop√≥sito diferente. Ele confiou a voc√™ dias de tristeza e saudade. Ele incumbiu voc√™ de sonhar acordado com dias de praia, churrasco, sombra e √°gua de c√¥co. Ele concedeu l√°grimas de solid√£o a voc√™. Ele permitiu que voc√™ fosse um desconhecido de novo, e de novo e de novo. Ele confia em voc√™ para viver esta vida. Ele lhe deu uma paix√£o que permite que voc√™ olhe para essa bagun√ßa que chama de cora√ß√£o e, mesmo assim, avance em alegria. Uma paix√£o, que paix√£o!, que queima em voc√™. 
Que voc√™s continuem compartilhando as boas novas do evangelho de Cristo, e que Deus continue usando voc√™s poderosamente com ousadia para pregarem a palavra.

Estou orando por voc√™s, Deus aben√ßoe."
13/12/2023 11:40:45,"Ol√° mission√°rios eu me chamo Ana e venho atrav√©s dessa carta desejar um feliz natal e um feliz ano novo pra voc√™s e toda sua fam√≠lia . Seremos sempre agradecidos pela generosidade e disponibilidade do cora√ß√£o de voc√™s ao dizerem SIM para o chamado de DEUS para suas vidas.

O sofrimento vai valer a pena‚Ä¶ Que voc√™ escolheu isso porque Deus lhe pediu, e ent√£o, sabe que h√° uma raz√£o para tal. Voc√™ tem a for√ßa para alterar a cultura, mudar as pessoas, fazer algo que valha alguma coisa. Sua paix√£o √© sua √¢ncora e seu lembrete. Alejandro Rodriguez disse assim: ‚ÄúA paix√£o transforma sofrimento em privil√©gio.‚Äù Ele usa Jesus como nosso melhor exemplo. Jesus passou pelo sofrimento que O causamos por causa de Sua paix√£o por n√≥s. Sua paix√£o era ver restaurada a rela√ß√£o do homem com o Pai, Sua paix√£o era a reconcilia√ß√£o. Jesus viu Seu sofrimento posto diante dEle como um privil√©gio a suportar, e Ele salvou o mundo. De forma semelhante, a sua paix√£o pelas pessoas transforma toda ingratid√£o, dor, tens√£o relacional, solid√£o e falta de conforto em privil√©gio. Voc√™ foi chamado, foi nomeado, √© querido, e Deus confia em voc√™. Ele acredita que voc√™ ir√° manter sua paix√£o e suas convic√ß√µes. Que ir√° lutar muito aqui, at√© que Ele mande lutar muito em outro lugar. Voc√™ √© forte, √© importante, est√° transformando o mundo. Voc√™ √© um cabra macho da mol√©stia que abre m√£o de seus direitos todos os dias, s√≥ para ver a mudan√ßa neste mundo. Voc√™ √© um mission√°rio ‚Äî n√£o √© melhor do que qualquer outro ser humano ‚Äî mas um mission√°rio, apesar de tudo.  

Estou orando por voc√™s, Deus aben√ßoe.
"
13/12/2023 11:41:00,"Ol√° mission√°rios eu me chamo Ana e venho atrav√©s dessa carta desejar um feliz natal e um feliz ano novo pra voc√™s e toda sua fam√≠lia . Seremos sempre agradecidos pela generosidade e disponibilidade do cora√ß√£o de voc√™s ao dizerem SIM para o chamado de DEUS para suas vidas.

Gostaria de incentiv√°-los a continuar nessa grande obra dos √∫ltimos dias, a grande colheita. A B√≠blia diz que os campos j√° est√£o brancos para ceifa, mas, quem ir√° colher?. Seremos eu, voc√™ e os mission√°rios, todos juntos faremos essa obra maravilhosa. Esta √©, com certeza, uma responsabilidade muito grande.  Numa colheita natural existem muitas coisas envolvidas para que ela seja realizada. Temos pessoas, m√°quinas, enxadas, p√°s, luvas, etc. Minhas perguntas s√£o: ‚Äúqual instrumento voc√™ ser√° para essa colheita? O que voc√™ pode oferecer para Deus lhe usar nessa colheita?‚Äù. Continue com esse cora√ß√£o disposto, com a chama do primeiro amor por miss√µes acesa. CONTINUE. Deus est√° com voc√™s todo o tempo.

Estou orando por voc√™s, Deus aben√ßoe.
"
13/12/2023 11:41:15,"Ol√° mission√°rios eu me chamo Ana e venho atrav√©s dessa carta desejar um feliz natal e um feliz ano novo pra voc√™s e toda sua fam√≠lia . Seremos sempre agradecidos pela generosidade e disponibilidade do cora√ß√£o de voc√™s ao dizerem SIM para o chamado de DEUS para suas vidas.

Cada vida interrompida, cada dificuldade,cada amea√ßa lembrem o senhor acampa ao seu redor. O Senhor dar√° a recompensa prometida. . Tenho a certeza que os frutos da salva√ß√£o, plantados por todos os BRAVOS MISSION√ÅRIOS, que atuam neste imenso Mundo, far√° florescer como resultado do t√£o √°rduo trabalho, para a ‚Äúvida‚Äù, a verdadeira vida em Jesus Cristo, o fruto que transforma o pecador, para um futuro seguro com Jesus Cristo, condu√ß√£o prometida para SALVA√á√ÉO ETERNA.
Sejam fortes! Contem com as ora√ß√µes de todo povo Crist√£o, que em de toda parte do Mundo sabemos, intercedem por este trabalho.
Seja um exemplo verdadeiro de coragem, fidelidade ao Senhor da vida e da gl√≥ria. Jesus Cristo! 
Estou orando por voc√™s, Deus aben√ßoe.
"
13/12/2023 11:41:32,"Ol√° mission√°rios eu me chamo Ana e venho atrav√©s dessa carta desejar um feliz natal e um feliz ano novo pra voc√™s e toda sua fam√≠lia . Seremos sempre agradecidos pela generosidade e disponibilidade do cora√ß√£o de voc√™s ao dizerem SIM para o chamado de DEUS para suas vidas.

Sabemos, que quando sa√≠mos em miss√µes podemos n√£o voltar, o trabalho √© do nosso Senhor Jesus Cristo. Obedecemos ao ‚ÄúIde‚Äù miss√£o t√£o gloriosa, que nos impulsionam at√© aos confins do mundo, em locais que nossa mente n√£o √© capaz de imaginar.
O que n√≥s sabemos √© que temos o nosso Senhor Jesus Cristo a frente. Todos arriscam suas vida pelo Evangelho, deixam para traz, fam√≠lia e objetivos interrompidos, saudades se multiplicam,o cora√ß√£o bate mais forte quando o perigo se aproxima, a fam√≠lia vem na lembran√ßa, sem falar aqueles que est√£o com todos seus familiares nestes locais .
Quantos s√£o tocados pelo Esp√≠rito Santo, assim aceitam e seguem por estrada t√£o bela. Sendo a vontade do Senhor, sempre nos regozijamos! Mas, os perigos nos cerca, isto √© fato, digamos at√© necess√°rio, segundo entendemos como os des√≠gnios de Deus, vontade do Senhor. Um trabalho t√£o importante, dif√≠cil e arriscado quem faria? Quando n√£o fazemos!
Nosso Senhor Jesus Cristo, nosso redentor, foi o primeiro a morrer quando em terra anunciando sua miss√£o. Tanto para nos salvar, como para nos ensinar o significado do ‚ÄúIde‚Äù! O ‚ÄúPai do Ide‚Äù! O Pai da evangeliza√ß√£o! Quantos ainda carecem de ouvir a palavra que salva, Sabemos que h√° locais que nem a b√≠blia ainda chegou. A presen√ßa de um mission√°rio se faz necess√°rio para anunciar o Salvador eterno.  Tenho a certeza que os frutos da salva√ß√£o, plantados por todos os BRAVOS MISSION√ÅRIOS, que atuam neste imenso Mundo, far√° florescer como resultado do t√£o √°rduo trabalho, para a ‚Äúvida‚Äù, a verdadeira vida em Jesus Cristo, o fruto que transforma o pecador, para um futuro seguro com Jesus Cristo, condu√ß√£o prometida para SALVA√á√ÉO ETERNA.
Sejam fortes! Contem com as ora√ß√µes de todo povo Crist√£o, que em de toda parte do Mundo sabemos, intercedem por este trabalho.
Seja um exemplo verdadeiro de coragem, fidelidade ao Senhor da vida e da gl√≥ria. Jesus Cristo! 

Estou orando por voc√™s, Deus aben√ßoe.
"
13/12/2023 11:41:56,"Ol√° mission√°rios eu me chamo Ana e venho atrav√©s dessa carta desejar um feliz natal e um feliz ano novo pra voc√™s e toda sua fam√≠lia . Seremos sempre agradecidos pela generosidade e disponibilidade do cora√ß√£o de voc√™s ao dizerem SIM para o chamado de DEUS para suas vidas.

Tem uma musica que diz assim:
Sobre mim, vi o sol se p√¥r e nascer
Vi a lua cheia de amor
Minguar e novamente crescer
Sobre mim, a poeira dessa estrada
O descanso a beira do rio
A esperan√ßa da alma lavada
Continuar n√£o √© op√ß√£o
Eu sinto o vento dando a dire√ß√£o
E sigo em frente
Continuar n√£o √© op√ß√£o
Eu ou√ßo o caminho a me chamar
Bote o p√© que eu boto o ch√£o

(Mt 28:20b) ¬†E eu estarei sempre com voc√™s, at√© o fim dos tempos"". 
Confie em Deus e nos planos do grande Pai para a sua vida. Acredite em voc√™, mas nunca se esque√ßa de que Ele cuida de todos os detalhes. 

Estou orando por voc√™s, Deus aben√ßoe.
"
13/12/2023 11:42:31,"Ol√° mission√°rios eu me chamo Ana e venho atrav√©s dessa carta desejar um feliz natal e um feliz ano novo pra voc√™s e toda sua fam√≠lia . Seremos sempre agradecidos pela generosidade e disponibilidade do cora√ß√£o de voc√™s ao dizerem SIM para o chamado de DEUS para suas vidas.

Tem uma musica que diz assim :

Por voc√™ deixei tudo pra tr√°s
E o que eu era, hoje n√£o sou mais
Calcei os meus p√©s com o evangelho da paz
Pode fazer bom proveito
Deste meu cora√ß√£o aventureiro
N√£o sei como vai ser, mas vou sem medo
Porque o dono da miss√£o eu j√° conhe√ßo
E estas pedras no caminho
Ir√£o surrar minhas botas
Mas meu sorriso n√£o desbota
E eu continuo firme nessa rota
E estas pedras no caminho
Ir√£o surrar minhas botas
Mas meu sorriso n√£o desbota
E eu continuo firme nessa rota
Um dia estas botas velhas ficar√£o
Guardarei a f√© e encerrarei a miss√£o
Feliz contarei aos netos e filhos
As aventuras que eu vivi contigo
E nada mais valioso haver√° em meus bens
Meus p√©s descal√ßos andar√£o no c√©u em nuvens
E fecharei meus olhos com nossas mem√≥rias
E estas minhas botas velhas deixar√£o tantas hist√≥rias
E estas pedras no caminho
Ir√£o surrar minhas botas
Mas meu sorriso n√£o desbota
E eu continuo firme nessa rota
E estas pedras no caminho
Ir√£o surrar minhas botas
Mas meu sorriso n√£o desbota
E eu continuo firme nessa rota
Calcei meus p√©s com o evangelho da paz
Por voc√™ deixei tudo pra traz
E o que eu era, hoje n√£o sou mais
Calcei os meus p√©s com o evangelho da paz 

CONTINUE!

""Tu √©s o meu ref√∫gio e a minha fortaleza,
o meu Deus, em quem confio"".
Salmos 91:2

Estou orando por voc√™s, Deus aben√ßoe."
13/12/2023 11:42:48,"Ol√° mission√°rios eu me chamo Ana e venho atrav√©s dessa carta desejar um feliz natal e um feliz ano novo pra voc√™s e toda sua fam√≠lia . Seremos sempre agradecidos pela generosidade e disponibilidade do cora√ß√£o de voc√™s ao dizerem SIM para o chamado de DEUS para suas vidas.

‚Äú√â imposs√≠vel medir o impacto que seus esfor√ßos tem causado na vida das pessoas que foram alcan√ßadas com as visitas, estudos, momento de ora√ß√£o, acompanhamentos e socorro nos momentos de dificuldades. Somente Deus pode recompensar voc√™s.


Confie no Senhor de todo o seu cora√ß√£o
e n√£o se apoie
em seu pr√≥prio entendimento;
Prov√©rbios 3:5 

‚ÄúVoc√™s far√£o coisas que talvez nunca tenham feito antes, e ir√£o a lugares onde nunca estiveram antes‚Äù, 

Estou orando por voc√™s, Deus aben√ßoe."
13/12/2023 11:44:47,"Ol√° mission√°rios eu me chamo Ana e venho atrav√©s dessa carta desejar um feliz natal e um feliz ano novo pra voc√™s e toda sua fam√≠lia . Seremos sempre agradecidos pela generosidade e disponibilidade do cora√ß√£o de voc√™s ao dizerem SIM para o chamado de DEUS para suas vidas.

‚Äòcoragem na lacuna.‚Äô 
‚ÄúA lacuna pode ser aquelas coisas que n√£o entendemos totalmente ou perguntas que ainda n√£o foram respondidas. A lacuna pode ser nossas pr√≥prias ansiedades, apreens√µes ou fraquezas. Pode significar que nossos esfor√ßos, ou os esfor√ßos dos outros, n√£o s√£o perfeitos.‚Äù 
Cada pessoa encontra ‚Äúlacunas‚Äù em sua vida, e como podemos preencher essas lacunas? 
Com extrema coragem. Se persistirmos em nossos esfor√ßos para vivermos nossos conv√™nios da melhor maneira poss√≠vel, o Senhor aumentar√° nossa capacidade e nos dar√° mais coragem na ‚Äòlacuna‚Äô hoje, amanh√£ e para sempre.‚Äù
Abra√ßar a lacuna significa ‚Äúaceitar o fato de que n√£o sabemos tudo‚Äù, permitindo que se coloque a confian√ßa em Cristo e que Ele prevale√ßa em nossa vida. Al√©m da coragem, ‚Äúpreencher a lacuna‚Äù por meio do desejo, confian√ßa e capacidade. Um poderoso desejo motivador pode ser o amor pelo Salvador: Esse desejo requer que eu fa√ßa algumas coisas que s√£o dif√≠ceis, aquelas coisas que aumentam minha confian√ßa ou testam minhas habilidades. Com confian√ßa em Deus podemos superar d√∫vidas, podemos fortalecer nosso testemunho, podemos trabalhar quando n√£o temos vontade de trabalhar ‚Ä¶ e podemos decidir permanecer firmemente no caminho . Os mission√°rios podem permitir que seu servi√ßo os modifique, enquanto guardam com eles o que aprenderam. As li√ß√µes que voc√™s aprendem e os h√°bitos espirituais que desenvolvem durante sua miss√£o n√£o podem ser deixados para tr√°s. Eles s√£o princ√≠pios de hoje, amanh√£ e sempre‚Äù, Oro para que sua miss√£o os mude para o resto de sua vida 

""Tu √©s o meu ref√∫gio e a minha fortaleza,
o meu Deus, em quem confio"".
Salmos 91:2

CONTINUE!
Deus aben√ßoe."
14/12/2023 10:06:01,"Recomece todos os dias!!

A vida n√£o √© f√°cil para ningu√©m, todos temos desafios grandes e pequenos diariamente. A diferen√ßa √© ter Deus na vida. Voc√™ tudo pode naquele que te fortalece. Nada escapa aos olhos de Deus, mesmo que voc√™ pense que ningu√©m v√™ ou que est√° sozinho, tem pessoas orando por voc√™ e principalmente Deus v√™, e Ele honra cada esfor√ßo que fazemos para o reino Dele, e principalmente pelos filhos Dele. Confie e caminhe com foco, o foco √© vidas, o foco √© Deus, o restante s√£o s√≥ detalhes, pequenas pedras para nos fazer crescer e n√£o para nos matar, pois circunst√¢ncias n√£o alteram as promessas e planos do Senhor. Caminhe com foco, e lembre se, seus irm√£os em Cristo est√£o bem aqui, intercedendo por voc√™!! Jesus te aben√ßoe e te capacite cada vez mais, que a chama do Esp√≠rito Santo que h√° em ti n√£o se apague jamais!"
14/12/2023 14:45:35,"Oi, eu n√£o sei como deve est√° sendo sua rotina, mas espero que vc esteja sendo guardado pelo nosso pai, que vc esteja bem, e que Deus aben√ßoe sua caminhada sempre, estaremos orando por vcs ."
15/12/2023 08:51:16,"Ol√°.

A vida cotidiana comum √© complicada as vezes, mas, no geral, as pessoas a adotam por ser mais c√¥moda que qualquer outra vida. Raz√£o pela qual houve o √™xodo rural.

A maior parte da popula√ß√£o mundial adotou este estilo, vivendo de maneira mais confort√°vel, e buscando sempre melhorar ainda mais a qualidade de vida, para ela, e para as futuras gera√ß√µes.

Mas voc√™s, ainda que por um momento apenas, n√£o.

Escolheram sair da zona de conforto, e buscaram desafios que n√£o se limitam √†s dificuldades materiais, mas espirituais. Buscaram sair do comodismo para alcan√ßar conquistas - repito, n√£o materiais, mas espirituais - que nenhum homem comum pensa geralmente em conquistar. E isso ainda n√£o para se agradar, mas para obedecer e agradar a Deus.

Pessoas que se disp√µe a abandonar tudo assim que tem, e, atrav√©s do chamado, buscam fazer coisas inimagin√°veis, ainda que por um lado apenas pare√ßa filantropia, mas que na verdade coisas espirituais est√£o ocorrendo, s√£o pessoas que merecem todo o respeito e apoio da igreja, pois, sem eles, n√£o haveriam mais crist√£os para as pr√≥ximas gera√ß√µes.

Obrigado por dar continuidade √† igreja. Sabemos que todos tem o seu papel espec√≠fico (mas n√£o limitante) nela, uns para cuidar de ovelhas locais, outros para intercess√£o, outros para chamar ovelhas perdidas. Ao meu ver, o que escolheram foi o mais ""louco"", porque foge do comodismo, sem olhar para tr√°s.

Mais uma vez, obrigado, e Deus continue aben√ßoando sua jornada!"
18/12/2023 16:41:55,"Oi, tudo bem?
Eu sei que esse ano n√£o foi t√£o f√°cil. Quantos desafios a serem cumpridos, quantas barreiras a derrubar, quantos conflitos a serem resolvidos, e n√£o apenas no campo, mas em voc√™ mesmo. O ano pareceu passar t√£o r√°pido mas quando voc√™ olha para atr√°s, quantas coisas aconteceram, e coisas que parecia que nunca iria acontecer. Veja o quanto Deus √© Bom, o quanto Ele te fortaleceu esse ano. Que atrav√©s dessa  carta o Senhor derrame consolo no seu cora√ß√£o, e for√ßas para o ano de 2025 que ser√° cem vezes melhor, em todas as √°reas. Boas festas, Deus aben√ßoe! "
18/12/2023 16:52:39,"Oi tudo bem?
Nesse fim de ano quero deixar um vers√≠culo para voc√™: 
Salmos 28:7-8

O Senhor √© a minha for√ßa e o meu escudo; nele confiou o meu cora√ß√£o, e fui socorrido; pelo que o meu cora√ß√£o salta de prazer, e com o meu c√¢ntico o louvarei. O Senhor √© a for√ßa do seu povo; ele √© a fortaleza salvadora para o seu ungido.

Que o Senhor se revele para voc√™ assim como para o Salmista, que Ele seja a sua for√ßa para continuar no ano de 2025. Boas festas!"
18/12/2023 17:02:06,"Oi tudo bem?
o Salmos 9:9-10 diz assim:

O Senhor √© tamb√©m um alto ref√∫gio para o oprimido, um alto ref√∫gio em tempos de ang√∫stia. Em ti confiam os que conhecem o teu nome; porque tu, Senhor, n√£o abandonas aqueles que te buscam.

que em 2025 mais do que nunca voc√™ se apegue a Deus e a Sua promessa para a sua vida. Que voc√™ encontre ref√∫gio e paz nEle em todo tempo. 
Boas festas!"
18/12/2023 17:05:18,"Oi tudo bem?
a Palavra de Deus em Isa√≠as 41:10 diz:

N√£o temas, porque eu sou contigo; n√£o te assombres, porque eu sou teu Deus; eu te fortale√ßo, e te ajudo, e te sustento com a destra da minha justi√ßa.

Que em 2025 voc√™ tenha essa Palavra como certeza em seu cora√ß√£o. N√£o temas diante dos desafios que vir√£o, n√£o te assombres com os dias maus, no dia da angustia se apegue ao Senhor, Ele te fortalecer√°, te ajudar√°, e te sustentar√°. Lembre-se sempre que Ele √â o seu Pai!"
18/12/2023 17:08:18,"Salmos 9:10

Em ti confiam os que conhecem o teu nome; porque tu, Senhor, n√£o abandonas aqueles que te buscam.

Que em 2025 voc√™ possa cada dia mais se apegar ao Senhor, e olhar para Ele independente do que aconte√ßa na sua vida, no campo mission√°rio, onde voc√™ estiver. 
Ele est√° com aqueles que O buscam. "
18/12/2023 17:11:00,"Isa√≠as 26:3-4

Tu conservar√°s em paz aquele cuja mente est√° firme em ti; porque ele confia em ti. Confiai sempre no Senhor; porque Deus √© uma rocha eterna.

Que nesse pr√≥ximo ano a sua confian√ßa esteja plenamente e totalmente no nosso Deus. Olhe para Ele em todo tempo, e nas horas de angustia se apegue firmemente nEle. Ele dar√° paz ao seu cora√ß√£o. 
Boas festas!"
18/12/2023 17:13:22,"Oi tudo bem?
O Salmos 27:1 diz:

Jeov√° √© a minha luz e a minha salva√ß√£o; a quem temerei? Jeov√° √© a for√ßa da minha vida; de quem me recearei?

N√£o temas sobre tudo o que vai acontecer na sua vida, n√£o desanimes nem desista. O Senhor est√° com voc√™ e Ele √© a sua luz, a sua fortaleza. 
Que em 2025 voc√™ receba for√ßas de Deus para os desafios que vir√£o. E nEle voc√™ vencer√° todos. 
Boas festas"
18/12/2023 17:16:02,"1 Pedro 5:7

lan√ßando sobre ele toda a vossa ansiedade, porque ele tem cuidado de v√≥s.

Esse versiculo √© t√£o lindo n√£o √©? Mas as vezes nos esquecemos dele. Principalmente nos dias de tanta ansiedade, quando ela toma o nosso cora√ß√£o e invade a nossa alma. 
Mas que esse ano de 2025 seja diferente para voc√™ em rela√ß√£o a isso. 
Que voc√™ consiga lan√ßar TODA  sua ansiedade no Senhor, e permita que Ele cuide de voc√™.
Boas festas!"
18/12/2023 17:17:40,"Salmos 112:7-8

Ele n√£o teme m√°s not√≠cias; o seu cora√ß√£o est√° firme, confiando em Jeov√°. O seu cora√ß√£o est√° bem firmado, ele n√£o ter√° medo, at√© que veja cumprido o seu desejo sobre os seus advers√°rios.

Que voc√™ fa√ßa essa ora√ß√£o sempre que algo ruim lhe acometer, e declare com toda a sua for√ßa, que o seu cora√ß√£o est√° firmado em Deus. 
Boas festas, feliz 2025!"
20/12/2023 16:20:44,"A paz do Senhor Jesus, espero que estejam todos bem a√≠,n√£o conhe√ßo voc√™s, mais sei que s√£o meus irm√£os em Cristo, sei tamb√©m que s√£o homens e mulheres corajosos que levam a palavra de Deus at√© os confins, quero dizer que mesmo n√£o conhecendo vcs ,eu me encho de orgulho de voc√™s e admiro muito por voc√™s ter escolhido lagar a vida que tinha e ir servir a Cristo aonde voc√™s est√£o, eu sei que voc√™s sabem mas quero firmar mais uma vez que voc√™s alegram o cora√ß√£o de Deus. Continuem firmes olhando somente para Cristo Jesus. Abra√ßos e a partir de hoje sempre estarei orando por voc√™ e sua fam√≠lia."
21/12/2023 17:42:48,"Bom dia , boa tarde ou  boa noite pois n√£o sei que horas vc mission√°rio estar√° lendo, mas eu Cristiane Nogueira Fagundes gostaria muito de agradecer por vc  ter desenvolvido em seu cora√ß√£o o desejo de levar a palavra de Deus, o plano de salva√ß√£o a todos sem medir esfor√ßos e todo o carinho e amor do mundo ao pr√≥ximo. Muitas vezes deixando sonhos e projetos para tr√°s para fazer a obra de Deus, eu confesso que n√£o n√£o conhecia muito sobre miss√µes pois sou rec√©m batizado e eu me encantei com isso. Fa√ßo parte do Amil da minha igreja e hoje vim aqui desejar a vc e sua fam√≠lia um feliz natal e um pr√≥spero ano novo com as m√£os poderosas de Deus sobre vc sua fam√≠lia e nos projetos de Deus onde vc est√°. Saiba que estamos em ora√ß√£o por vc hoje e sempre."
24/12/2024 20:51:36,"Querido(a) mission√°rio(a), que neste Natal e Ano Novo voc√™ sinta o abra√ßo do Senhor em sua jornada. Em meio aos desafios, lembre-se: Deus nunca te abandonou e nunca abandonar√°. Sua miss√£o √© valiosa e Ele est√° contigo a cada passo!"
24/12/2024 20:52:11,"Ol√°, mission√°rio(a)! Que a gra√ßa de Deus transborde em sua vida. Continue firme no prop√≥sito que Ele confiou a voc√™. O Senhor √© quem fortalece e guia, mesmo nos momentos dif√≠ceis. Voc√™ n√£o est√° sozinho(a)!"
24/12/2024 20:52:34,"Que o Senhor, em Sua infinita miseric√≥rdia, continue te sustentando. Saiba que cada a√ß√£o sua no campo mission√°rio √© um reflexo do amor de Deus. N√£o desista, pois a colheita ser√° abundante! Que a paz de Cristo esteja com voc√™."
24/12/2024 20:53:35,"Voc√™ √© um instrumento de Deus, sendo luz em um mundo que precisa desesperadamente Dele. Continue firme, pois o Senhor j√° preparou o caminho e est√° contigo em todos os momentos. Que esse novo ano seja um ano de frutos abundantes em sua miss√£o!"
24/12/2024 20:54:49,"Querido(a) mission√°rio(a), em Isa√≠as 41:10a Deus diz: ""N√£o tenha medo, pois estou contigo."" Que essa palavra seja a sua for√ßa neste novo ano. Voc√™ √© um guerreiro(a) em Cristo, e Ele est√° contigo em todas as batalhas!"
24/12/2024 20:55:19,"Que o Natal te traga a renova√ß√£o que voc√™ precisa, e que o Ano Novo seja repleto da presen√ßa do Senhor. Mesmo nos momentos de cansa√ßo, Deus te d√° for√ßa para seguir. Sua dedica√ß√£o ao Reino de Deus n√£o passa despercebida!"
24/12/2024 20:55:46,"Em meio ao campo mission√°rio, lembre-se de que seu trabalho √© semente de b√™n√ß√£o. Continue semeando, pois a colheita vir√° no tempo de Deus. Que Ele te d√™ √¢nimo e f√© para seguir firme, sem desanimar!"
24/12/2024 20:56:33,"Que o Esp√≠rito Santo te fortale√ßa e te conduza sempre. Em 2 Tim√≥teo 4:7, Paulo diz: ""Combati o bom combate, terminei a corrida, guardei a f√©."" Voc√™ est√° correndo essa corrida e, com certeza, Deus te recompensar√°!"
24/12/2024 21:02:28,"Querido(a) Mission√°rio(a),
Que o Senhor continue guiando seus passos com sabedoria e coragem. Lembre-se das palavras de 2 Cor√≠ntios 12:9 [NVI]: ""Mas ele me disse: 'A minha gra√ßa √© suficiente para voc√™, pois o meu poder se aperfei√ßoa na fraqueza.'"" Mesmo nas dificuldades, a gra√ßa de Deus √© suficiente. Continue firme, pois Ele est√° contigo em cada momento da sua miss√£o."
24/12/2024 21:04:50,"Amado(a) Mission√°rio(a),
Em 1 Pedro 5:10 [NVI], lemos: ""O Deus de toda a gra√ßa, que os chamou para a sua gl√≥ria eterna em Cristo Jesus, depois de voc√™s terem sofrido por pouco tempo, os restaurar√°, os confirmar√°, os fortalecer√° e os por√° sobre firmes alicerces."" N√£o importa o que voc√™ enfrente, Deus fortalecer√° seus passos. Persevere!"
24/12/2024 21:06:36,"Querido(a) Servo(a) de Deus,
Lembre-se das palavras de Isa√≠as 40:31 [NVI]:
""mas aqueles que esperam no Senhor
renovam as suas for√ßas,
voam alto como as √°guias,
correm e n√£o ficam exaustos,
andam e n√£o se cansam.""
Que voc√™ continue a ser renovado(a) pela for√ßa divina, capaz de superar qualquer desafio em sua jornada."
24/12/2024 21:07:33,"Amado(a) Mission√°rio(a),
Deus v√™ sua dedica√ß√£o e f√©. Em Hebreus 10:36 [NVI] somos lembrados: ""Portanto, voc√™s precisam perseverar, de modo que, depois de terem cumprido a vontade de Deus, recebam o que ele prometeu."" Continue a obra com confian√ßa, pois o Senhor est√° preparando grandes coisas para voc√™."
24/12/2024 21:09:57,"Querido(a) Mission√°rio(a),
""8- N√£o tenha medo deles, pois eu estou com voc√™ para proteg√™‚Äëlo ‚Äî declara o Senhor.
9- O Senhor estendeu a m√£o, tocou a minha boca e disse‚Äëme:
‚Äï Agora, ponho na sua boca as minhas palavras.
10- Veja! Eu hoje dou a voc√™ autoridade sobre na√ß√µes e reinos, para arrancar e despeda√ßar, para arruinar e derrubar, para edificar e plantar."", diz o Senhor em Jeremias 1:8-10 [NVI]. Ele promete estar ao seu lado em todos os momentos. N√£o se sinta sozinho(a); o Senhor vai √† sua frente e abrir√° os caminhos para que voc√™ cumpra sua miss√£o com sucesso."
24/12/2024 21:10:44,"Amado(a) Mission√°rio(a),
Em 2 Tim√≥teo 4:7 [NVI], Paulo diz: ""Combati o bom combate, terminei a corrida, guardei a f√©."" Que voc√™ possa dizer o mesmo no final de sua jornada. Deus est√° te capacitando a lutar e completar com fidelidade a miss√£o que Ele te confiou."
24/12/2024 21:11:56,"Querido(a) Mission√°rio(a),
O Senhor tem uma obra maravilhosa para voc√™. Em Jo√£o 15:16 [NVI] Jesus diz: ""Voc√™s n√£o me escolheram, mas eu os escolhi e designei para que v√£o e deem fruto, um fruto que permane√ßa, a fim de que o Pai d√™ a voc√™s o que pedirem em meu nome."" Saiba que voc√™ foi escolhido(a) para essa miss√£o, e o fruto que voc√™ gerar ser√° para a gl√≥ria de Deus."
24/12/2024 21:15:47,"Amado(a) Mission√°rio(a),
Em 1 Jo√£o 4:4 [NVI] lemos: ""Filhinhos, voc√™s s√£o de Deus e os venceram, porque aquele que est√° em voc√™s √© maior do que aquele que est√° no mundo."" Que essa verdade te fortale√ßa! N√£o importa o tamanho da luta, Deus est√° em voc√™, e Ele √© maior que qualquer adversidade."
24/12/2024 21:19:08,"Querido(a) Mission√°rio(a),
Que o amor de Deus continue a ser seu alicerce. Em Romanos 5:1-5 [NVI], somos lembrados de que ""1- Tendo sido, pois, justificados pela f√©, temos paz com Deus, pelo nosso Senhor Jesus Cristo,
2- por meio de quem obtivemos acesso pela f√© a esta gra√ßa na qual estamos firmes. Assim, nos gloriamos na esperan√ßa da gl√≥ria de Deus.
3- N√£o s√≥ isso, mas tamb√©m nos gloriamos nas tribula√ß√µes, porque sabemos que a tribula√ß√£o produz perseveran√ßa;
4- a perseveran√ßa, um car√°ter aprovado; o car√°ter aprovado, esperan√ßa.
5- Essa esperan√ßa n√£o nos decepciona, porque o amor de Deus foi derramado no nosso cora√ß√£o por meio do Esp√≠rito Santo, que ele nos deu.
"" Que voc√™ seja continuamente renovado(a) no amor e esperan√ßa de Cristo."
24/12/2024 21:20:31,"Amado(a) Mission√°rio(a),
Em 2 Cor√≠ntios 4:16 [NVI] lemos: ""Por isso, n√£o desanimamos. Embora exteriormente nos desgastemos, interiormente estamos sendo renovados dia ap√≥s dia"" Que o Senhor renove suas for√ßas a cada dia, te sustentando com Sua gra√ßa."
24/12/2024 21:23:58,"Querido(a) Mission√°rio(a),
Em Ef√©sios 6:10 [NVI], Paulo nos exorta: ""Finalmente, sejam fortalecidos no Senhor e na for√ßa do seu poder. "" Que voc√™ continue a se fortalecer em Deus, sabendo que √© Ele quem te capacita para enfrentar todos os desafios. Por isso, continue na sua posi√ß√£o soldado!"
24/12/2024 21:28:23,"Amado(a) Mission√°rio(a),
Lembre-se de que sua miss√£o √© parte de um plano eterno. Em Jeremias 29:11 [NVI], Deus nos diz: ""porque sou eu que conhe√ßo os planos que tenho para voc√™s‚Äù ‚Äî declara o Senhor ‚Äî ‚Äúplanos de faz√™‚Äëlos prosperar, n√£o de causar dano, planos de dar a voc√™s esperan√ßa e um futuro. "" Sua obra √© guiada pelos planos Dele, e no tempo certo, Ele trar√° frutos."
24/12/2024 21:30:04,"Querido(a) Mission√°rio(a),
Em Salmo 121:1-2 [NVI] lemos:
""1- Levanto os meus olhos para os montes e pergunto:
‚ÄúDe onde me vem o socorro?‚Äù.
2- O meu socorro vem do Senhor,
que fez os c√©us e a terra.""
Que voc√™ sinta a paz de saber que o Senhor √© sua ajuda constante."
24/12/2024 21:32:35,"Querido(a) Mission√°rio(a),
""eu os tirei dos confins da terra,
dos recantos mais distantes eu os chamei.
Eu disse: ‚ÄòVoc√™ √© meu servo‚Äô;
eu o escolhi e n√£o o rejeitei.""
diz o Senhor em Isa√≠as 41:9 [NVI]. Que essa palavra de encorajamento te lembre de que voc√™ foi escolhido(a) e nunca ser√° abandonado(a) por Deus em sua miss√£o."
24/12/2024 21:33:34,"Amado(a) Mission√°rio(a),
Em 1 Cor√≠ntios 16:13 [NVI], somos instru√≠dos a: ""Estejam vigilantes, mantenham‚Äëse firmes na f√©, sejam corajosos, sejam fortes."" Que sua f√© permane√ßa firme e sua coragem inabal√°vel, pois o Senhor est√° contigo."
24/12/2024 21:36:50,"Querido(a) Mission√°rio(a),
Em Mateus 17:20 [NVI], Jesus nos lembra:
""Ele respondeu:
‚Äï Porque a f√© que voc√™s t√™m √© pequena. Em verdade lhes digo que, se tiverem f√© como um gr√£o de mostarda, poder√£o dizer a este monte: ‚ÄúV√° daqui para l√°‚Äù, e ele ir√°, e nada ser√° imposs√≠vel para voc√™s.""
Continue a avan√ßar com f√©, pois mesmo uma f√© pequena pode mover montanhas, qual o nome da sua montanha hoje? Entregue hoje nas m√£os de Deus!"
24/12/2024 21:37:36,"Amado(a) Mission√°rio(a),
Em Filipenses 1:6 [NVI] lemos: ""Estou convencido de que aquele que come√ßou a boa obra em voc√™s h√° de complet√°‚Äëla at√© o dia de Cristo Jesus."" Que voc√™ se sinta renovado(a) em saber que Deus concluir√° a obra que come√ßou em sua vida e miss√£o."
24/12/2024 21:38:34,"Querido(a) Mission√°rio(a),
Em Salmo 23:1 [NVI],
""O Senhor √© o meu pastor;
de nada terei falta.""
Que voc√™ experimente a provis√£o e o cuidado divinos em cada passo da sua jornada mission√°ria. Deus te sustenta e te guia com amor eterno."
24/12/2024 21:40:06,"Amado(a) Mission√°rio(a),
Que a paz de Cristo esteja sobre voc√™. Em Colossenses 3:23-24 [NVI] somos lembrados:
""23- Tudo o que fizerem, fa√ßam de todo o cora√ß√£o, como para o Senhor, n√£o para os homens,
24- sabendo que receber√£o do Senhor a recompensa da heran√ßa, pois √© a Cristo, o Senhor, a quem voc√™s servem.""
Que seu trabalho seja sempre uma oferta a Deus, sabendo que Ele recompensa todo esfor√ßo feito em Seu nome."